{
  "Micro AUPR": 0.06922178196182653,
  "Macro AUPR": 0.06033999396011367,
  "AUC": 0.9014096436716461,
  "Fmax": 0.13730363552638172,
  "model": "contempro-bp-2024-mlp-medium"
}