{
  "Micro AUPR": 0.44230303786845016,
  "Macro AUPR": 0.3616540598583558,
  "AUC": 0.9919899594269795,
  "Fmax": 0.6606987660884314,
  "model": "contempro-cc-2024-encdec-medium"
}