{
  "Micro AUPR": 0.34005131359205865,
  "Macro AUPR": 0.28145824668591174,
  "AUC": 0.9845908041492313,
  "Fmax": 0.5421573879159771,
  "model": "contempro-bp-2020-encdec-medium"
}