{
  "Micro AUPR": 0.6114914460100631,
  "Macro AUPR": 0.5724167082477046,
  "AUC": 0.9947925392269305,
  "Fmax": 0.6436228991759098,
  "model": "contempro-mf-2024-mlp-medium"
}