{
  "Micro AUPR": 0.12280019085949109,
  "Macro AUPR": 0.09083917726369078,
  "AUC": 0.9158183068456339,
  "Fmax": 0.2504813030907219,
  "model": "contempro-bp-2024-encdec-medium"
}