{
  "Micro AUPR": 0.4527718793846811,
  "Macro AUPR": 0.36657151213185346,
  "AUC": 0.9913489911261862,
  "Fmax": 0.6559993252478293,
  "model": "contempro-cc-2024-mlp-medium"
}