{
  "Micro AUPR": 0.3430020633860382,
  "Macro AUPR": 0.2770382215653705,
  "AUC": 0.9903670135396216,
  "Fmax": 0.5343855815242957,
  "model": "contempro-bp-2020-mlp-medium"
}