{
  "Micro AUPR": 0.4529753971930529,
  "Macro AUPR": 0.35070493869422475,
  "AUC": 0.9916955815493291,
  "Fmax": 0.6615473162182424,
  "model": "contempro-cc-2020-mlp-medium"
}