{
  "Micro AUPR": 0.6218136914892278,
  "Macro AUPR": 0.567363981967609,
  "AUC": 0.9952901444277679,
  "Fmax": 0.6543782302327443,
  "model": "contempro-mf-2020-mlp-medium"
}