{
  "Micro AUPR": 0.36386731407380435,
  "Macro AUPR": 0.3248798050894935,
  "AUC": 0.9681756204654718,
  "Fmax": 0.5739880439104688,
  "model": "deepgose-bp"
}