{
  "Micro AUPR": 0.6726701941247103,
  "Macro AUPR": 0.6481351978355002,
  "AUC": 0.9912976482545625,
  "Fmax": 0.7223151888931418,
  "model": "deepgose-mf"
}