{
  "Micro AUPR": 0.40611319692363207,
  "Macro AUPR": 0.3515677253913553,
  "AUC": 0.9740450118607541,
  "Fmax": 0.6379767291235511,
  "model": "deepgose-cc"
}