{
  "GO:0000381": 0.9865133945752389,
  "GO:0032729": 0.8934887048962485,
  "GO:0032755": 0.9388326689154656,
  "GO:0032760": 0.9503712567501227,
  "GO:0046330": 0.965736481651845,
  "GO:0051897": 0.9617812921417188,
  "GO:0120162": 0.8165585908756439,
  "model": "stargo-bp-2020-ordered-encdec-medium-deepgozero"
}