{
  "GO:0005762": 0.9996854554604933,
  "GO:0022625": 0.9955247932279735,
  "GO:0042788": 0.9904881851985127,
  "GO:1904813": 0.8954171562867215,
  "model": "stargo-cc-2020-ordered-encdec-medium-deepgozero"
}