{
  "GO:0005762": 0.9982175809427948,
  "GO:0022625": 0.9372079628263373,
  "GO:0042788": 0.9625284874655152,
  "GO:1904813": 0.8061664148620671,
  "model": "stargo-cc-2020-ordered-encdec-medium-actual-zero-textual-deepgozero"
}