{
  "GO:0005762": 0.9981966113068277,
  "GO:0022625": 0.9871212415382026,
  "GO:0042788": 0.9311862780376634,
  "GO:1904813": 0.6872726764031111,
  "model": "stargo-cc-2020-ordered-encdec-medium-actual-zero-pu-ranking-deepgozero"
}