{
  "GO:0005762": 0.9979240060392551,
  "GO:0022625": 0.9899785138301039,
  "GO:0042788": 0.9402542881132302,
  "GO:1904813": 0.6755357842314363,
  "model": "stargo-cc-2020-ordered-encdec-medium-actual-zero-deepgozero"
}