{
  "Micro AUPR": 0.2502820941619661,
  "Macro AUPR": 0.19544281507087247,
  "AUC": 0.9748694162043897,
  "Fmax": 0.4378757056590467,
  "model": "stargo-bp-2020-ordered-encdec-medium-textual"
}