{
  "GO:0000381": 0.9565282867325938,
  "GO:0032729": 0.9476438720228969,
  "GO:0032755": 0.9571092711847081,
  "GO:0032760": 0.9303049828178694,
  "GO:0046330": 0.9229275273433507,
  "GO:0051897": 0.9133259776878755,
  "GO:0120162": 0.8109248528329654,
  "model": "stargo-bp-2020-ordered-encdec-medium-actual-zero-structural-deepgozero"
}