{
  "GO:0005762": 0.6695814460660963,
  "GO:0022625": 0.6497851383010395,
  "GO:0042788": 0.8185918195993763,
  "GO:1904813": 0.7479855632029545,
  "model": "stargo-cc-2020-ordered-encdec-medium-actual-zero-textual-compressed-deepgozero"
}