{
  "GO:0001227": 0.8913598539272031,
  "GO:0001228": 0.9382278650781233,
  "GO:0003735": 0.9233354096318396,
  "GO:0004867": 0.741642629421588,
  "GO:0005096": 0.9041975572664195,
  "model": "stargo-mf-2020-ordered-encdec-medium-actual-zero-deepgozero"
}