{
  "GO:0000381": 0.9732275822833526,
  "GO:0032729": 0.8952264131656956,
  "GO:0032755": 0.8949095369518553,
  "GO:0032760": 0.8998527245949925,
  "GO:0046330": 0.9493815802923439,
  "GO:0051897": 0.8933737893833518,
  "GO:0120162": 0.733501195732156,
  "model": "stargo-bp-2020-ordered-encdec-medium-actual-zero-deepgozero"
}