{
  "GO:0001227": 0.9441256585249042,
  "GO:0001228": 0.948565318789071,
  "GO:0003735": 0.9146714166548281,
  "GO:0004867": 0.8837103385456202,
  "GO:0005096": 0.9065440547476475,
  "model": "stargo-mf-2020-ordered-encdec-medium-actual-zero-textual-deepgozero"
}