{
  "GO:0005762": 0.9914653581613823,
  "GO:0022625": 0.9497016528818649,
  "GO:0042788": 0.9298308744152572,
  "GO:1904813": 0.9030552291421857,
  "model": "stargo-cc-2020-ordered-encdec-medium-actual-zero-structural-deepgozero"
}