{
  "GO:0001227": 0.9547728089080461,
  "GO:0001228": 0.9614152342207422,
  "GO:0003735": 0.9944249563795182,
  "GO:0004867": 0.9545164718384697,
  "GO:0005096": 0.9620164433038685,
  "model": "stargo-mf-2020-ordered-encdec-medium-deepgozero"
}