{
  "GO:0000381": 0.783996787309874,
  "GO:0032729": 0.8459163855667995,
  "GO:0032755": 0.8853725850965962,
  "GO:0032760": 0.8147704958271969,
  "GO:0046330": 0.9223755494224676,
  "GO:0051897": 0.879122226308692,
  "GO:0120162": 0.5690420345842532,
  "model": "stargo-bp-2020-ordered-encdec-medium-actual-zero-textual-compressed-deepgozero"
}