{
  "GO:0000381": 0.9883539982932583,
  "GO:0032729": 0.8954921803127874,
  "GO:0032755": 0.8889297761422876,
  "GO:0032760": 0.883176853215513,
  "GO:0046330": 0.9599304916692222,
  "GO:0051897": 0.9424727228147604,
  "GO:0120162": 0.7785711000735835,
  "model": "stargo-bp-2020-ordered-encdec-medium-actual-zero-textual-deepgozero"
}