{
  "GO:0001227": 0.9456252993295019,
  "GO:0001228": 0.9453837613906461,
  "GO:0003735": 0.9581407293271701,
  "GO:0004867": 0.8766965234552907,
  "GO:0005096": 0.8896195703830434,
  "model": "stargo-mf-2020-ordered-encdec-medium-actual-zero-pu-ranking-deepgozero"
}