{
  "GO:0001227": 0.7008081896551723,
  "GO:0001228": 0.7591754774198836,
  "GO:0003735": 0.031393997676002726,
  "GO:0004867": 0.22301502960376499,
  "GO:0005096": 0.7743798118049616,
  "model": "stargo-mf-2020-ordered-encdec-medium-actual-zero-textual-compressed-deepgozero"
}