{
  "GO:0001227": 0.5570896192528736,
  "GO:0001228": 0.5076774630991499,
  "GO:0003735": 0.30134194450819046,
  "GO:0004867": 0.8074085319568849,
  "GO:0005096": 0.7499524760003803,
  "model": "stargo-mf-2020-ordered-encdec-medium-actual-zero-structural-deepgozero"
}