{
  "GO:0000381": 0.9836018941485535,
  "GO:0032729": 0.9080241234795053,
  "GO:0032755": 0.8993151385055709,
  "GO:0032760": 0.9184769268532155,
  "GO:0046330": 0.96622712869263,
  "GO:0051897": 0.9570307711168322,
  "GO:0120162": 0.748263888888889,
  "model": "stargo-bp-2020-ordered-encdec-medium-actual-zero-pu-ranking-deepgozero"
}